{
  "src": [
    "./assets/audio/game_sounds.ogg",
    "./assets/audio/game_sounds.m4a",
    "./assets/audio/game_sounds.mp3",
    "./assets/audio/game_sounds.ac3"
  ],
  "sprite": {
    "appearing": [0, 2185.578231292517],
    "box": [4000, 103.56009070294814],
    "box_hit": [6000, 92.85714285714252],
    "box_hit_reward": [8000, 208.97959183673544],
    "checkpoint_unlocked": [10000, 692.5170068027206],
    "end": [12000, 1404.807256235827],
    "fruit": [15000, 349.9773242630386],
    "fruit2": [17000, 2554.1950113378675],
    "jump": [21000, 139.3650793650778],
    "key": [23000, 704.8299319727889],
    "landing": [25000, 73.2879818594121],
    "player_hit": [27000, 580.6122448979601],
    "steps": [29000, 48.61678004535008],
    "unlock_barrier": [31000, 126.96145124716551]
  }
}
